# Room names from the Wind Waker Randomizer's item locations (logic/item_locations.txt), MIT: see NOTICE-randomizer.
1	10	R01 Chest Guarded By Bokoblin
1	11	R00 Chest Inside Lower Jail Cel
1	12	R04 Chest on Bed
2	0	R00 Chest Inside Lower Jail Cel
2	1	R01 Chest Guarded By Bokoblin
2	4	R04 Chest on Bed
3	0	R00 Chest Inside Lower Jail Cel
3	1	R01 Chest Guarded By Bokoblin
3	4	R04 Chest on Bed
4	0	1F room 0 First Room
4	1	1F room 1 Boarded Up Chest
4	4	1F room 3 Bird's Nest
4	5	2F room 4 Dark Room
4	6	2F room 6 Pot Room Chest
4	7	3F room 7 Under Rope Bridge
4	9	3F room 10 Boss Stairs Right Po
4	11	1F room 12 Big Key Chest
4	12	1F room 13 Alcove With Water Ju
4	13	1F room 14 Rat Room
5	0	R00 First Room
5	1	R01 Morth Pit
5	3	R03 Hole in Tree
5	7	R07 Vine Maze Left Chest
5	9	R09 Tall Room Before Miniboss
5	10	R0a Mothula Miniboss Room
5	13	R0d Big Key Chest
5	14	R0e Chest in Locked Tree Trunk
6	0	R00 Light Two Torches
6	1	R01 Skulls Room Chest
6	3	R03 Pot Behind Bombable Walls
6	5	R05 Big Key Chest
6	9	R09 Floating Platforms Room
6	15	R11 Eastern Pot in Big Key Ches
6	17	R15 Second Chest Guarded by Arm
6	18	R16 First Chest Guarded by Armo
7	3	R02 Stalfos Crypt Room
7	5	R04 Transparent Chest in First
7	7	R06 Chest In Three Blocks Room
7	8	R07 Chest Behind Statues
7	9	R08 Casket in Second Crypt
7	12	R0b End of Foggy Room With Floo
7	13	R0d Behind Curtain Next to Hamm
7	14	R0e Chest in Third Crypt
7	16	R10 Many Mirrors Room Left Ches
7	17	R11 Big Key Chest
8	2	R00 Chest Between Two Dirt Patc
8	3	R01 Behind Stone Head in Hidden
8	4	R02 Tingle Statue Chest
8	6	R04 Chest Behind Seven Armos
8	7	R05 Chest in Left Alcove
8	8	R07 Chest In Many Cyclones Room
8	9	R08 Big Key Chest
8	10	R09 Spike Wall Room - First Che
8	11	R0a Kill All Enemies in Tall Ba
10	11	R0d Maze Chest
